{
    "loss": 0.9675954580307007,
    "accuracy": 0.5836372971534729
}